﻿<?xml version="1.0" ?>
<configuration>
  <configSections>
    <section name="log4net" type="log4net.Config.Log4NetConfigurationSectionHandler,log4net-net-2.0" />
  </configSections>
  <log4net>
    <root>
      <level value="ALL" />
      <appender-ref ref="AdoNetAppender" />
    </root>
    <appender name="RollingFileAppender" type="log4net.Appender.RollingFileAppender">
      <file type="log4net.Util.PatternString" value="Log\log-%date{yyyy-MM-dd}.xml" />
      <param name="Encoding" value="utf-8" />
      <appendToFile value="true" />
      <datePattern value="yyyyMMdd" />
      <rollingStyle value="Date" />
      <maximumFileSize value="5000KB" />
      <layout type="log4net.Layout.XmlLayoutSchemaLog4j">
        <locationInfo value="true" />
      </layout>
    </appender>

    <appender name="AdoNetAppender" type="log4net.Appender.AdoNetAppender">
      <!--BufferSize为缓冲区大小，只有日志记录超设定值才会一块写入到数据库-->
      <bufferSize value="0" />
      <connectionType value="System.Data.SqlClient.SqlConnection, System.Data, Version=1.0.3300.0, Culture=neutral, PublicKeyToken=b77a5c561934e089" />
      <connectionString value="Data Source=.;Database=UowMVC;User ID=sa;Password=123@abc;MultipleActiveResultSets=false;Connection Timeout=30;" />
      <commandText value="INSERT INTO Logs([Id],[URL],[UserIP],[UserName],[Action],[Client],[StatusCode],[Message],[CreateAt],[Thread],[Level],[Logger],[Exception],[Status]) VALUES (@id,@url,@user_ip,@user_name,@action,@client,@code,@message,@log_date, @thread, @log_level, @logger,@exception,@status)" />

      <parameter>
        <parameterName value="@id" />
        <dbType value="String" />
        <size value="255" />
        <layout type="UowMVC.SDK.CustomPatternLayout" >
          <conversionPattern value = "%property{Id}"/>
        </layout>
      </parameter>
      <parameter>
        <parameterName value="@url" />
        <dbType value="String" />
        <size value="255" />
        <layout type="UowMVC.SDK.CustomPatternLayout" >
          <conversionPattern value = "%property{URL}"/>
        </layout>
      </parameter>
      <parameter>
        <parameterName value="@user_ip" />
        <dbType value="String" />
        <size value="255" />
        <layout type="UowMVC.SDK.CustomPatternLayout" >
          <conversionPattern value = "%property{UserIP}"/>
        </layout>
      </parameter>
      <parameter>
        <parameterName value="@user_name" />
        <dbType value="String" />
        <size value="255" />
        <layout type="UowMVC.SDK.CustomPatternLayout" >
          <conversionPattern value = "%property{UserName}"/>
        </layout>
      </parameter>
      <parameter>
        <parameterName value="@action" />
        <dbType value="String" />
        <size value="255" />
        <layout type="UowMVC.SDK.CustomPatternLayout" >
          <conversionPattern value = "%property{Action}"/>
        </layout>
      </parameter>
      <parameter>
        <parameterName value="@client" />
        <dbType value="String" />
        <size value="255" />
        <layout type="UowMVC.SDK.CustomPatternLayout" >
          <conversionPattern value = "%property{Client}"/>
        </layout>
      </parameter>
      <parameter>
        <parameterName value="@code" />
        <dbType value="String" />
        <size value="255" />
        <layout type="UowMVC.SDK.CustomPatternLayout" >
          <conversionPattern value = "%property{StatusCode}"/>
        </layout>
      </parameter>
      <parameter>
        <parameterName value="@message" />
        <dbType value="String" />
        <size value="4000" />
        <layout type="UowMVC.SDK.CustomPatternLayout" >
          <conversionPattern value = "%property{Message}"/>
        </layout>
      </parameter>
      <parameter>
        <parameterName value="@log_date" />
        <dbType value="DateTime" />
        <layout type="log4net.Layout.RawTimeStampLayout" />
      </parameter>
      <parameter>
        <parameterName value="@thread" />
        <dbType value="String" />
        <size value="255" />
        <layout type="log4net.Layout.PatternLayout">
          <conversionPattern value="%thread" />
        </layout>
      </parameter>
      <parameter>
        <parameterName value="@log_level" />
        <dbType value="String" />
        <size value="50" />
        <layout type="log4net.Layout.PatternLayout">
          <conversionPattern value="%level" />
        </layout>
      </parameter>
      <parameter>
        <parameterName value="@logger" />
        <dbType value="String" />
        <size value="255" />
        <layout type="log4net.Layout.PatternLayout">
          <conversionPattern value="%logger" />
        </layout>
      </parameter>
      <parameter>
        <parameterName value="@exception" />
        <dbType value="String" />
        <size value="4000" />
        <layout type="log4net.Layout.ExceptionLayout" />
      </parameter>
      <parameter>
        <parameterName value="@status" />
        <dbType value="Int32" />
        <layout type="UowMVC.SDK.CustomPatternLayout" >
          <conversionPattern value = "%property{Status}"/>
        </layout>
      </parameter>
    </appender>
  </log4net>
  <startup>
    <supportedRuntime version="v4.0" sku=".NETFramework,Version=v4.0" />
  </startup>
</configuration>
